{
  "mean_return": 61.864666666666736,
  "std_return": 83.24503219345232,
  "mean_killed": 2.8,
  "mean_leaked": 2.6
}